[
  {
    "id": "1",
    "name": "Camiseta Básica",
    "description": "Camiseta de algodão 100% com corte regular.",
    "price": 49.90,
    "category": "Moda",
    "pictureUrl": "https://picsum.photos/300/300?fashion=1"
  },
  {
    "id": "2",
    "name": "Smartphone X10",
    "description": "Smartphone com 128GB de armazenamento e câmera de 48MP.",
    "price": 1999.99,
    "category": "Eletronicos",
    "pictureUrl": "https://picsum.photos/300/300?tech=2"
  },
  {
    "id": "3",
    "name": "Chocolate Amargo 70%",
    "description": "Barra de chocolate premium com 70% de cacau.",
    "price": 12.50,
    "category": "Alimentos",
    "pictureUrl": "https://picsum.photos/300/300?food=3"
  },
  {
    "id": "4",
    "name": "Vinho Tinto Reserva",
    "description": "Vinho tinto envelhecido em barris de carvalho por 12 meses.",
    "price": 89.90,
    "category": "Bebidas",
    "pictureUrl": "https://picsum.photos/300/300?wine=4"
  },
  {
    "id": "5",
    "name": "Sofá 3 Lugares",
    "description": "Sofá confortável com revestimento em tecido de alta qualidade.",
    "price": 1299.00,
    "category": "CasaDecoracao",
    "pictureUrl": "https://picsum.photos/300/300?sofa=5"
  },
  {
    "id": "6",
    "name": "Creme Hidratante Facial",
    "description": "Creme hidratante com ácido hialurônico para todos os tipos de pele.",
    "price": 59.90,
    "category": "SaudeBeleza",
    "pictureUrl": "https://picsum.photos/300/300?beauty=6"
  },
  {
    "id": "7",
    "name": "Bicicleta Mountain Bike",
    "description": "Bicicleta com suspensão dupla e 21 marchas.",
    "price": 2499.00,
    "category": "EsporteLazer",
    "pictureUrl": "https://picsum.photos/300/300?bike=7"
  },
  {
    "id": "8",
    "name": "Livro: A Arte da Guerra",
    "description": "Clássico da literatura sobre estratégia e liderança.",
    "price": 29.90,
    "category": "Livros",
    "pictureUrl": "https://picsum.photos/300/300?book=8"
  },
  {
    "id": "9",
    "name": "Caderno Universitário",
    "description": "Caderno com 200 folhas pautadas e capa dura.",
    "price": 19.90,
    "category": "Papelaria",
    "pictureUrl": "https://picsum.photos/300/300?notebook=9"
  },
  {
    "id": "10",
    "name": "Boneca de Pano",
    "description": "Boneca artesanal feita com materiais hipoalergênicos.",
    "price": 39.90,
    "category": "Brinquedos",
    "pictureUrl": "https://picsum.photos/300/300?toy=10"
  },
  {
    "id": "11",
    "name": "Relógio de Pulso Clássico",
    "description": "Relógio analógico com pulseira de couro genuíno.",
    "price": 249.90,
    "category": "Acessorios",
    "pictureUrl": "https://picsum.photos/300/300?watch=11"
  },
  {
    "id": "12",
    "name": "Fone de Ouvido Bluetooth",
    "description": "Fone de ouvido sem fio com cancelamento de ruído ativo.",
    "price": 399.90,
    "category": "Eletronicos",
    "pictureUrl": "https://picsum.photos/300/300?headphones=12"
  },
  {
    "id": "13",
    "name": "Mesa de Escritório",
    "description": "Mesa compacta com acabamento em madeira e estrutura metálica.",
    "price": 599.00,
    "category": "CasaDecoracao",
    "pictureUrl": "https://picsum.photos/300/300?desk=13"
  },
  {
    "id": "14",
    "name": "Tênis Esportivo",
    "description": "Tênis leve e confortável, ideal para corridas e caminhadas.",
    "price": 299.90,
    "category": "EsporteLazer",
    "pictureUrl": "https://picsum.photos/300/300?sneakers=14"
  },
  {
    "id": "15",
    "name": "Cafeteira Elétrica",
    "description": "Cafeteira com capacidade para 1,5L e função de manter aquecido.",
    "price": 199.90,
    "category": "Eletrodomesticos",
    "pictureUrl": "https://picsum.photos/300/300?coffee=15"
  },
  {
    "id": "16",
    "name": "Jaqueta de Couro",
    "description": "Jaqueta estilosa feita com couro sintético de alta qualidade.",
    "price": 499.90,
    "category": "Moda",
    "pictureUrl": "https://picsum.photos/300/300?jacket=16"
  },
  {
    "id": "17",
    "name": "Kit de Ferramentas",
    "description": "Conjunto com 50 peças para reparos domésticos.",
    "price": 149.90,
    "category": "CasaDecoracao",
    "pictureUrl": "https://picsum.photos/300/300?tools=17"
  },
  {
    "id": "18",
    "name": "Jogo de Panelas Antiaderentes",
    "description": "Conjunto com 5 panelas antiaderentes de alta durabilidade.",
    "price": 349.90,
    "category": "CasaDecoracao",
    "pictureUrl": "https://picsum.photos/300/300?pots=18"
  },
  {
    "id": "19",
    "name": "Câmera Fotográfica Digital",
    "description": "Câmera compacta com resolução de 20MP e zoom óptico de 10x.",
    "price": 1299.90,
    "category": "Eletronicos",
    "pictureUrl": "https://picsum.photos/300/300?camera=19"
  },
  {
    "id": "20",
    "name": "Mochila Escolar",
    "description": "Mochila resistente com compartimento para notebook.",
    "price": 99.90,
    "category": "Papelaria",
    "pictureUrl": "https://picsum.photos/300/300?backpack=20"
  }
]