[
  {
    "id": "1",
    "name": "Camiseta Básica",
    "description": "Camiseta de algodão 100% com corte regular.",
    "price": 49.90,
    "category": "Moda",
    "pictureUrl": "https://example.com/images/camiseta-basica.jpg"
  },
  {
    "id": "2",
    "name": "Smartphone X10",
    "description": "Smartphone com 128GB de armazenamento e câmera de 48MP.",
    "price": 1999.99,
    "category": "Eletronicos",
    "pictureUrl": "https://example.com/images/smartphone-x10.jpg"
  },
  {
    "id": "3",
    "name": "Chocolate Amargo 70%",
    "description": "Barra de chocolate premium com 70% de cacau.",
    "price": 12.50,
    "category": "Alimentos",
    "pictureUrl": "https://example.com/images/chocolate-amargo.jpg"
  },
  {
    "id": "4",
    "name": "Vinho Tinto Reserva",
    "description": "Vinho tinto envelhecido em barris de carvalho por 12 meses.",
    "price": 89.90,
    "category": "Bebidas",
    "pictureUrl": "https://example.com/images/vinho-tinto.jpg"
  },
  {
    "id": "5",
    "name": "Sofá 3 Lugares",
    "description": "Sofá confortável com revestimento em tecido de alta qualidade.",
    "price": 1299.00,
    "category": "CasaDecoracao",
    "pictureUrl": "https://example.com/images/sofa-3-lugares.jpg"
  },
  {
    "id": "6",
    "name": "Creme Hidratante Facial",
    "description": "Creme hidratante com ácido hialurônico para todos os tipos de pele.",
    "price": 59.90,
    "category": "SaudeBeleza",
    "pictureUrl": "https://example.com/images/creme-hidratante.jpg"
  },
  {
    "id": "7",
    "name": "Bicicleta Mountain Bike",
    "description": "Bicicleta com suspensão dupla e 21 marchas.",
    "price": 2499.00,
    "category": "EsporteLazer",
    "pictureUrl": "https://example.com/images/mountain-bike.jpg"
  },
  {
    "id": "8",
    "name": "Livro: A Arte da Guerra",
    "description": "Clássico da literatura sobre estratégia e liderança.",
    "price": 29.90,
    "category": "Livros",
    "pictureUrl": "https://example.com/images/a-arte-da-guerra.jpg"
  },
  {
    "id": "9",
    "name": "Caderno Universitário",
    "description": "Caderno com 200 folhas pautadas e capa dura.",
    "price": 19.90,
    "category": "Papelaria",
    "pictureUrl": "https://example.com/images/caderno-universitario.jpg"
  },
  {
    "id": "10",
    "name": "Boneca de Pano",
    "description": "Boneca artesanal feita com materiais hipoalergênicos.",
    "price": 39.90,
    "category": "Brinquedos",
    "pictureUrl": "https://example.com/images/boneca-de-pano.jpg"
  },
  {
    "id": "11",
    "name": "Relógio de Pulso Clássico",
    "description": "Relógio analógico com pulseira de couro genuíno.",
    "price": 249.90,
    "category": "Acessorios",
    "pictureUrl": "https://example.com/images/relogio-classico.jpg"
  },
  {
    "id": "12",
    "name": "Fone de Ouvido Bluetooth",
    "description": "Fone de ouvido sem fio com cancelamento de ruído ativo.",
    "price": 399.90,
    "category": "Eletronicos",
    "pictureUrl": "https://example.com/images/fone-bluetooth.jpg"
  },
  {
    "id": "13",
    "name": "Mesa de Escritório",
    "description": "Mesa compacta com acabamento em madeira e estrutura metálica.",
    "price": 599.00,
    "category": "CasaDecoracao",
    "pictureUrl": "https://example.com/images/mesa-escritorio.jpg"
  },
  {
    "id": "14",
    "name": "Tênis Esportivo",
    "description": "Tênis leve e confortável, ideal para corridas e caminhadas.",
    "price": 299.90,
    "category": "EsporteLazer",
    "pictureUrl": "https://example.com/images/tenis-esportivo.jpg"
  },
  {
    "id": "15",
    "name": "Cafeteira Elétrica",
    "description": "Cafeteira com capacidade para 1,5L e função de manter aquecido.",
    "price": 199.90,
    "category": "Eletrodomesticos",
    "pictureUrl": "https://example.com/images/cafeteira-eletrica.jpg"
  },
  {
    "id": "16",
    "name": "Jaqueta de Couro",
    "description": "Jaqueta estilosa feita com couro sintético de alta qualidade.",
    "price": 499.90,
    "category": "Moda",
    "pictureUrl": "https://example.com/images/jaqueta-couro.jpg"
  },
  {
    "id": "17",
    "name": "Kit de Ferramentas",
    "description": "Conjunto com 50 peças para reparos domésticos.",
    "price": 149.90,
    "category": "CasaDecoracao",
    "pictureUrl": "https://example.com/images/kit-ferramentas.jpg"
  },
  {
    "id": "18",
    "name": "Jogo de Panelas Antiaderentes",
    "description": "Conjunto com 5 panelas antiaderentes de alta durabilidade.",
    "price": 349.90,
    "category": "CasaDecoracao",
    "pictureUrl": "https://example.com/images/jogo-panelas.jpg"
  },
  {
    "id": "19",
    "name": "Câmera Fotográfica Digital",
    "description": "Câmera compacta com resolução de 20MP e zoom óptico de 10x.",
    "price": 1299.90,
    "category": "Eletronicos",
    "pictureUrl": "https://example.com/images/camera-digital.jpg"
  },
  {
    "id": "20",
    "name": "Mochila Escolar",
    "description": "Mochila resistente com compartimento para notebook.",
    "price": 99.90,
    "category": "Papelaria",
    "pictureUrl": "https://example.com/images/mochila-escolar.jpg"
  }
]